judet,cod_judet,localitate,operator,cui,adresa,terminal,telefon,telefoane_toate,fax,licenta_arr,licenta_de_la,licenta_pana_la,licenta_expirata,pagina_punctcontact,sursa_oficiala,verificat
Alba,AB,Alba Iulia,Livio Dario SRL,RO11070834,"Str. Iasilor, nr. 87",da,0258819254,0258819254,0258814500,5278,2025-05-23,2030-05-22,nu,/autogari/alba-iulia/,https://licente.arr.ro/autogari,2026-09-16
Alba,AB,Alba Iulia,Societatea de Transport Public S.A. Alba Iulia,RO1758080,"Str. Iasilor, nr. 94",da,0258812967,0258812967,,5279,2026-02-19,2031-02-18,nu,/autogari/alba-iulia/,https://licente.arr.ro/autogari,2026-09-16
Alba,AB,Blaj,Gicu Trans,14233677,Str. Tudor Vladimirescu nr. 80,nu,0786191650,0786191650,,4854,2022-08-27,2027-08-26,nu,/autogari/alba-iulia/,https://licente.arr.ro/autogari,2026-09-16
Alba,AB,Sebeș,Serviciul Public de Administrarea Patrimoniului,RO16029704,"Str. Vanatori, nr. 28",da,0258730148,0258730148,,5277,2023-10-10,2028-10-09,nu,/autogari/alba-iulia/,https://licente.arr.ro/autogari,2026-09-16
Argeș,AG,Costești,Alpin Star SRL,RO15390211,Str. Victoriei nr. 104,nu,0723654841,0723654841; 0762266227,,4996,2023-03-25,2028-03-24,nu,/autogari/pitesti/,https://licente.arr.ro/autogari,2026-09-16
Argeș,AG,Costești,Razvan si Liviu SRL,5788946,Str. Garii nr. 4,nu,0724514020,0724514020,,4010,2022-10-11,2027-10-10,nu,/autogari/pitesti/,https://licente.arr.ro/autogari,2026-09-16
Argeș,AG,Curtea de Argeș,Reparatii Modernizari Retehnologizari Arges SRL,RO6750117,Str. 1 Mai nr. 7,nu,0248721194,0248721194; 0742424894,0248722423,4008,2022-06-25,2027-06-24,nu,/autogari/pitesti/,https://licente.arr.ro/autogari,2026-09-16
Argeș,AG,Mioveni,Vulturul & Company SRL,RO5527703,Str. Profesor Ion Cojocaru nr. 5,nu,0744673825,0744673825,,4999,2026-02-02,2031-02-01,nu,/autogari/pitesti/,https://licente.arr.ro/autogari,2026-09-16
Argeș,AG,Pitești,Astra Tours DOB SRL,137165,"Str. Targul din Vale, nr. 54, ET. P",da,0749112349,0749112349,,5000,2026-07-01,2031-06-30,nu,/autogari/pitesti/,https://licente.arr.ro/autogari,2026-09-16
Argeș,AG,Pitești,Girexim Universal SA,9054608,Str. George Cosbuc nr. 12,nu,0745414930,0745414930,0248211173,4007,2021-11-23,2026-11-22,nu,/autogari/pitesti/,https://licente.arr.ro/autogari,2026-09-16
Argeș,AG,Pitești,Nykolo Perfect SRL,RO9517354,"Str. Campului nr. 2, 2A, 2B",nu,0751360767,0751360767,,4997,2025-08-21,2030-08-20,nu,/autogari/pitesti/,https://licente.arr.ro/autogari,2026-09-16
Argeș,AG,Pitești,Roberto Tour SRL,22716435,"Str. Lanariei I, nr. 22",nu,0735987850,0735987850,,4998,2025-09-25,2030-09-24,nu,/autogari/pitesti/,https://licente.arr.ro/autogari,2026-09-16
Arad,AR,Arad,P.L. Noris SRL,RO6255950,Calea Aurel Vlaicu nr. 308,da,0257228028,0257228028; 0732680590,0257228029,4856,2023-12-05,2028-12-04,nu,/autogari/arad/,https://licente.arr.ro/autogari,2026-09-16
Arad,AR,Arad,Tabita Tour SRL,15027110,Calea Aurel Vlaicu nr. 275 B,da,,,,6631,2025-09-05,2030-07-16,nu,/autogari/arad/,https://licente.arr.ro/autogari,2026-09-16
București,B,București,Autogara Militari SRL,RO15039874,Str. Valea Cascadelor SECTOR6 nr. 1,da,0726684111,0726684111; 0755939939,0214341751,4481,2021-10-19,2026-10-18,nu,/autogari/bucuresti/,https://licente.arr.ro/autogari,2026-09-16
București,B,București,Autotrans Calatori Filaret SA,RO388221,Bd. Garii Obor SECTOR2 nr. 5A,da,0722764237,0722764237,,4493,2025-08-13,2030-08-12,nu,/autogari/bucuresti/,https://licente.arr.ro/autogari,2026-09-16
București,B,București,Autotrans Calatori Filaret SA,RO388221,Str. Piața Garii Filaret Sector 4 nr. 1,da,0722764237,0722764237,,4753,2026-09-04,2031-09-03,nu,/autogari/bucuresti/,https://licente.arr.ro/autogari,2026-09-16
București,B,București,C&i Grup International SRL,RO14860544,Str. Intre Garle SECTOR4 nr. 3,nu,0730444458,0730444458,0213308132,4492,2025-06-26,2030-06-25,nu,/autogari/bucuresti/,https://licente.arr.ro/autogari,2026-09-16
București,B,București,CDI Transport Intern si International SRL,RO8070826,Str. Ritmului SECTOR2 nr. 35,da,0730333441,0730333441,0212529029,4752,2022-04-24,2027-04-23,nu,/autogari/bucuresti/,https://licente.arr.ro/autogari,2026-09-16
București,B,București,Dinamic Job SRL,21651800,Șos. Oltenitei Sector 4 nr. 105A,nu,0727430079,0727430079,0728301000,4495,2025-10-17,2030-10-16,nu,/autogari/bucuresti/,https://licente.arr.ro/autogari,2026-09-16
București,B,București,Drimo Inter Trans SRL,14875979,Șos. Electronicii SECTOR2 nr. 24,nu,0728132700,0728132700,,4483,2022-04-29,2027-04-28,nu,/autogari/bucuresti/,https://licente.arr.ro/autogari,2026-09-16
București,B,București,Gifan Strong SRL,RO8239330,Str. Mircea Vulcanescu SECTOR1 nr. 78,nu,0743333000,0743333000,,4484,2022-09-20,2027-09-19,nu,/autogari/bucuresti/,https://licente.arr.ro/autogari,2026-09-16
București,B,București,Gril Impex SRL,RO2838160,Str. Orhideelor SECTOR1 nr. 23A,da,0212215212,0212215212; 0721331269,,4488,2024-06-12,2029-06-11,nu,/autogari/bucuresti/,https://licente.arr.ro/autogari,2026-09-16
București,B,București,IDM Kennedy CO SRL,RO6599775,Str. Orhideelor SECTOR1 nr. 35,nu,0729989948,0729989948; 0722209566,0213107571,4499,2026-06-09,2031-06-08,nu,/autogari/bucuresti/,https://licente.arr.ro/autogari,2026-09-16
București,B,București,Madcom D.l.s.impex SRL,RO9578386,Str. Berzei SECTOR1 nr. 109,nu,0213126591,0213126591,,4482,2021-10-29,2026-10-28,nu,/autogari/bucuresti/,https://licente.arr.ro/autogari,2026-09-16
București,B,București,Marina SRL,3191843,Bd. Tudor Vladimirescu Sector 5 nr. 1-3,nu,0722218004,0722218004,0213364046,4497,2026-01-28,2031-01-27,nu,/autogari/bucuresti/,https://licente.arr.ro/autogari,2026-09-16
București,B,București,Millenium Trans Impex SRL,13516616,Str. Dirste Sector 5 nr. 3,nu,0785823513,0785823513,,4500,2026-06-08,2031-06-07,nu,/autogari/bucuresti/,https://licente.arr.ro/autogari,2026-09-16
București,B,București,Millenium Trans Impex SRL,RO13516616,Str. Calea 13 Septembrie SECTOR5 nr. 291A,nu,0735547118,0735547118; 0785823513,0311070716,4751,2022-03-29,2027-03-28,nu,/autogari/bucuresti/,https://licente.arr.ro/autogari,2026-09-16
București,B,București,Mototolea Com Serv SNC,RO4798844,Str. Dealul Mare SECTOR4 nr. 4,nu,0723837094,0723837094,,4489,2024-09-25,2029-09-24,nu,/autogari/bucuresti/,https://licente.arr.ro/autogari,2026-09-16
București,B,București,Perla Trans SRL,RO17181734,Șos. Viilor Sector 5 nr. 54,da,0722494072,0722494072; 0753534213,,4491,2025-03-04,2030-03-03,nu,/autogari/bucuresti/,https://licente.arr.ro/autogari,2026-09-16
București,B,București,Snake Trans SRL,16406006,Sectorul 4 Șos. Oltenitei nr. 103,nu,0740165258,0740165258; 0735545413,,4496,2025-11-26,2028-09-30,nu,/autogari/bucuresti/,https://licente.arr.ro/autogari,2026-09-16
București,B,București,Tabor Trans Intern S.R.L.,52275314,Sectorul 4 Șos. Berceni nr. 8 Locurile de Parcare nr. 1 nr. 2 si nr. 3 si Lotul nr. 1,nu,0730444456,0730444456,,4498,2026-02-25,2028-01-15,nu,/autogari/bucuresti/,https://licente.arr.ro/autogari,2026-09-16
București,B,București,Yeni OZ Murat SRL,11995466,Șos. Viilor SECTOR5 nr. 33,nu,0213366215,0213366215; 0726710066,0213366460,4490,2024-12-11,2029-12-10,nu,/autogari/bucuresti/,https://licente.arr.ro/autogari,2026-09-16
Bacău,BC,Bacău,Massaro Trans SRL,19046289,"Str. Garii, Statia CF, nr., 15",da,0743333586,0743333586,,4695,2021-12-08,2026-12-07,nu,/autogari/bacau/,https://licente.arr.ro/autogari,2026-09-16
Bacău,BC,Bacău,Transport Bistrita SRL,RO947790,Str. Bd. Unirii nr. 39,da,0742249779,0742249779,0234571265,4964,2026-08-13,2031-08-12,nu,/autogari/bacau/,https://licente.arr.ro/autogari,2026-09-16
Bacău,BC,Buhuși,Alexdomat SRL,15361186,"Buhusi, Str. Libertatii, nr. 36",da,0741205354,0741205354; 0234263672,0234263672,4963,2024-05-21,2029-05-20,nu,/autogari/bacau/,https://licente.arr.ro/autogari,2026-09-16
Bacău,BC,Onești,Transbus SA,3046843,Bd. Evardul Republicii nr. 57,nu,0268333391,0268333391,,4962,2024-04-06,2029-04-05,nu,/autogari/bacau/,https://licente.arr.ro/autogari,2026-09-16
Bihor,BH,Beiuș,Municipiul Beius,4794567,Str. Burgundia Mare nr. Topografic 106008,nu,0733999318,0733999318,,4690,2021-10-16,2026-10-15,nu,/autogari/oradea/,https://licente.arr.ro/autogari,2026-09-16
Bihor,BH,Marghita,Municipiul Marghita,4348947,Calea Republicii nr. 1,nu,0742142265,0742142265,,4689,2021-10-08,2026-10-07,nu,/autogari/oradea/,https://licente.arr.ro/autogari,2026-09-16
Bihor,BH,Marghita,Tur Cento Trans SRL,14881539,Municipiul Marghita Str. Ion Luca Caragiale nr. 20 Judet Bihor Cod Postal 415300,nu,0749149011,0749149011,,5044,2025-04-09,2030-04-08,nu,/autogari/oradea/,https://licente.arr.ro/autogari,2026-09-16
Bihor,BH,Oradea,Intrans SRL,RO3468805,Str. Razboieni nr. 81,da,0259418998,0259418998,,5047,2026-09-07,2031-09-06,nu,/autogari/oradea/,https://licente.arr.ro/autogari,2026-09-16
Bihor,BH,Oradea,Oradea Transport Local SA,63483,Str. Stefan Cel Mare nr. 3,nu,0735504490,0735504490,,5042,2023-02-17,2028-02-16,nu,/autogari/oradea/,https://licente.arr.ro/autogari,2026-09-16
Bihor,BH,Oradea,Oradea Transport Local SA,63483,Str. Nufarului nr. 85B,nu,0259423212,0259423212,,5043,2024-02-17,2029-02-16,nu,/autogari/oradea/,https://licente.arr.ro/autogari,2026-09-16
Bihor,BH,Oradea,Oradea Transport Local SA,63483,Bd. Decebal nr. 65E,da,0259423212,0259423212,0259423212,5045,2026-07-22,2031-07-21,nu,/autogari/oradea/,https://licente.arr.ro/autogari,2026-09-16
Bihor,BH,Ștei,Omnitrans SA,RO95574,Str. Andrei Muresanu nr. 1,nu,0259332273,0259332273,,5041,2021-12-23,2026-12-22,nu,/autogari/oradea/,https://licente.arr.ro/autogari,2026-09-16
Bistrița-Năsăud,BN,Bistrița,Heniu SA,RO3095919,Str. Rodnei nr. 1A,da,0263233655,0263233655,,5027,2026-09-08,2031-09-07,nu,/autogari/bistrita/,https://licente.arr.ro/autogari,2026-09-16
Bistrița-Năsăud,BN,Năsăud,Autogara Nasaud SRL,49656866,"Str. Garii, nr. 2",nu,0263361120,0263361120,,5026,2024-06-14,2029-06-13,nu,/autogari/bistrita/,https://licente.arr.ro/autogari,2026-09-16
Brăila,BR,Brăila,Atlas SA,RO2266018,Str. Siretului nr. 10,da,0239619975,0239619975,,4407,2022-03-31,2027-03-30,nu,/autogari/braila/,https://licente.arr.ro/autogari,2026-09-16
Brăila,BR,Brăila,Aventin Trade SRL,RO5772257,Str. Vadeni nr. 6,da,0239618886,0239618886,,4978,2023-11-30,2028-11-29,nu,/autogari/braila/,https://licente.arr.ro/autogari,2026-09-16
Brăila,BR,Brăila,Braicar SA,RO10597853,Aleea Parcului nr. 1,nu,0239611395,0239611395,,4980,2026-05-15,2031-05-14,nu,/autogari/braila/,https://licente.arr.ro/autogari,2026-09-16
Brăila,BR,Brăila,Cavmario Trans SRL,13552023,Șos. Eaua Ramnicu Sarat nr. 86-86BIS (punct de Lucru),nu,0239640000,0239640000,,4979,2025-05-09,2030-05-08,nu,/autogari/braila/,https://licente.arr.ro/autogari,2026-09-16
Brăila,BR,Brăila,Duotex Com SRL,RO9676732,Str. Eremia Grigorescu nr. 27 BL.63 Parter,da,0239606162,0239606162; 0758606163,0239606162,4977,2022-06-29,2027-06-28,nu,/autogari/braila/,https://licente.arr.ro/autogari,2026-09-16
Brăila,BR,Brăila,Gebamy Trans Impex SRL,RO9263302,Str. Calea Galati nr. 261,nu,0239676722,0239676722,,4976,2022-05-31,2027-05-30,nu,/autogari/braila/,https://licente.arr.ro/autogari,2026-09-16
Botoșani,BT,Botoșani,Apetrans S.R.L.,RO8798910,"Str. Garii, nr. 4, Bloc B5, Etaj P",nu,0231517509,0231517509,,4740,2021-12-07,2026-12-03,nu,/autogari/botosani/,https://licente.arr.ro/autogari,2026-09-16
Botoșani,BT,Botoșani,Faby-trans S.R.L.,15519678,"Str. Mihail Kogalniceanu, nr. 72",da,0742123197,0742123197,,4739,2021-11-29,2026-11-28,nu,/autogari/botosani/,https://licente.arr.ro/autogari,2026-09-16
Botoșani,BT,Botoșani,SC Priscom Univers SRL,RO4584735,Str. Nicolae Iorga nr. 1,nu,,,,4750,2021-09-27,2026-09-26,da,/autogari/botosani/,https://licente.arr.ro/autogari,2026-09-16
Botoșani,BT,Darabani,Nord Express Trans S.R.L.,RO29167091,Str. 1 Decembrie nr. 455,nu,0743782768,0743782768,,4743,2022-10-06,2027-10-05,nu,/autogari/botosani/,https://licente.arr.ro/autogari,2026-09-16
Botoșani,BT,Săveni,Rottmarg S.R.L.,RO3205779,"Str., Uzinei nr. 1-3",nu,0745670679,0745670679,0232275129,4749,2022-05-18,2027-05-17,nu,/autogari/botosani/,https://licente.arr.ro/autogari,2026-09-16
Brașov,BV,Brașov,RATBV S.A.,1102556,Statia Capat de Linie Stadionul Municipal,da,,,,5253,2025-07-16,2030-07-15,nu,/autogari/brasov/,https://licente.arr.ro/autogari,2026-09-16
Brașov,BV,Brașov,Super Univers Trans S.R.L.,RO12359394,Str. Lunga nr. 247-Str. Pictor Andreescu nr. 1,nu,0268510668,0268510668,0268510668,5255,2026-04-17,2031-04-16,nu,/autogari/brasov/,https://licente.arr.ro/autogari,2026-09-16
Brașov,BV,Brașov,Transbus SA,RO3046843,Bd. Garii nr. 1A ( Autogara 1 CFR ),nu,0268427267,0268427267,,4933,2022-08-18,2027-08-17,nu,/autogari/brasov/,https://licente.arr.ro/autogari,2026-09-16
Brașov,BV,Brașov,Transbus SA,RO3046843,Str. Avram Iancu nr. 114 (autogara II),da,0268426332,0268426332,,4934,2022-08-18,2027-08-17,nu,/autogari/brasov/,https://licente.arr.ro/autogari,2026-09-16
Brașov,BV,Făgăraș,Transbus SA,3046843,"Str. DR. Ioan Senchea, nr. 2",da,0722652520,0722652520,,5254,2026-02-28,2027-02-27,nu,/autogari/brasov/,https://licente.arr.ro/autogari,2026-09-16
Buzău,BZ,Buzău,Voicila Magazin Mixt SNC,RO5851822,"Str. Ada Scânteii, nr. 31",da,0238720546,0238720546,,4938,2022-04-13,2027-04-12,nu,/autogari/buzau/,https://licente.arr.ro/autogari,2026-09-16
Buzău,BZ,Buzău,Voicila Magazin Mixt SNC,RO5851822,"Str. Unirii, nr. 303",da,0238716700,0238716700,,4940,2022-06-03,2027-06-02,nu,/autogari/buzau/,https://licente.arr.ro/autogari,2026-09-16
Buzău,BZ,Râmnicu Sărat,Transport Urban de Calatori SA,RO10152871,"Str. Ada Eroilor, nr. 2",nu,0786020301,0786020301,0238561735,4937,2021-11-16,2026-11-15,nu,/autogari/buzau/,https://licente.arr.ro/autogari,2026-09-16
Buzău,BZ,Râmnicu Sărat,Transport Urban de Calatori SA,RO10152871,"Str. Ada Horia, nr. 1A",nu,0238561735,0238561735,,4939,2022-06-01,2027-05-31,nu,/autogari/buzau/,https://licente.arr.ro/autogari,2026-09-16
Buzău,BZ,Râmnicu Sărat,Valman Tur S.R.L.,16594295,Bd. Eroilor nr. 29 Bis,nu,0731131444,0731131444,0338568699,4941,2025-07-02,2030-07-01,nu,/autogari/buzau/,https://licente.arr.ro/autogari,2026-09-16
Cluj,CJ,Cluj-Napoca,Fany Prestari Servicii SRL,RO220235,"Bd. Muncii, nr. 249",da,0741040104,0741040104,,4217,2023-02-07,2028-02-06,nu,/autogari/cluj-napoca/,https://licente.arr.ro/autogari,2026-09-16
Cluj,CJ,Cluj-Napoca,Fany Prestari Servicii SRL,RO220235,"Str. Giordano Bruno, nr. 1-3",da,0741040104,0741040104; 0736909080,,4222,2025-04-15,2030-04-14,nu,/autogari/cluj-napoca/,https://licente.arr.ro/autogari,2026-09-16
Cluj,CJ,Cluj-Napoca,Municipiul Cluj-napoca,14920794,"Str. Traian Vuia, nr. 149-151",da,0743819320,0743819320,,4224,2025-08-13,2030-08-12,nu,/autogari/cluj-napoca/,https://licente.arr.ro/autogari,2026-09-16
Cluj,CJ,Cluj-Napoca,Sens Vest SRL,14393708,Str. Caii Ferate FN,da,0741040104,0741040104,0749242013,4215,2022-06-06,2027-06-05,nu,/autogari/cluj-napoca/,https://licente.arr.ro/autogari,2026-09-16
Cluj,CJ,Câmpia Turzii,Daghemana Com SRL,RO10177469,"Str. Laminoristilor, nr. 90",nu,0743056176,0743056176; 0722246231,0264366767,4214,2022-04-05,2027-04-04,nu,/autogari/cluj-napoca/,https://licente.arr.ro/autogari,2026-09-16
Cluj,CJ,Dej,Costrans Import Export SRL,RO2872227,"Str. Salciilor, nr. 19",nu,0769635590,0769635590,,4212,2021-10-27,2026-10-26,nu,/autogari/cluj-napoca/,https://licente.arr.ro/autogari,2026-09-16
Cluj,CJ,Dej,Lador Travel SRL,29951250,"Str. Nichita Stanescu, nr. 3",nu,0744675170,0744675170,,4216,2022-06-30,2027-06-29,nu,/autogari/cluj-napoca/,https://licente.arr.ro/autogari,2026-09-16
Cluj,CJ,Gherla,Fany Prestari Servicii SRL,220235,Str. Romana nr. 2-4,nu,0741040104,0741040104,,4220,2023-11-22,2028-11-21,nu,/autogari/cluj-napoca/,https://licente.arr.ro/autogari,2026-09-16
Cluj,CJ,Turda,Fany Prestari Servicii SRL,220235,Str. Campiei nr. 120A,nu,0741040104,0741040104,,4219,2023-10-16,2028-10-15,nu,/autogari/cluj-napoca/,https://licente.arr.ro/autogari,2026-09-16
Cluj,CJ,Turda,Feldiberc Trans SRL,13885001,"Str. Clujului, nr. 75A",nu,0753065905,0753065905,,4221,2024-07-24,2029-07-23,nu,/autogari/cluj-napoca/,https://licente.arr.ro/autogari,2026-09-16
Cluj,CJ,Turda,Sens Vest SRL,RO14393708,"Piața Romana, nr. 13, AP. 9",da,0741040104,0741040104,0264313431,4213,2021-11-21,2026-11-20,nu,/autogari/cluj-napoca/,https://licente.arr.ro/autogari,2026-09-16
Călărași,CL,Călărași,Ali Trans Com SRL,RO8084783,Str. Locomotivei nr. 2-4,nu,0242315392,0242315392,,5003,2022-08-04,2027-08-03,nu,/autogari/calarasi/,https://licente.arr.ro/autogari,2026-09-16
Călărași,CL,Călărași,Divertis Tudor SRL,RO4853531,Str. Belsugului nr. 2BIS,nu,0242322862,0242322862,,5004,2023-05-15,2028-05-14,nu,/autogari/calarasi/,https://licente.arr.ro/autogari,2026-09-16
Călărași,CL,Călărași,Popasul din Plopi SRL,RO1918016,Str. Victor Babes nr. 2,nu,0242311916,0242311916,,5002,2022-04-28,2027-04-27,nu,/autogari/calarasi/,https://licente.arr.ro/autogari,2026-09-16
Călărași,CL,Călărași,Tudan Travel Services SRL,28197450,Pct Lucru Calarasi Tarlaua 83/1 Parcela 15,nu,0722231210,0722231210,,5008,2025-07-25,2030-06-25,nu,/autogari/calarasi/,https://licente.arr.ro/autogari,2026-09-16
Călărași,CL,Oltenița,Agico Transpers SRL,39786648,"Bd. Evardul 1 Decembrie, nr. 33 Pozitia nr. 27",nu,0722553455,0722553455,,5006,2025-01-10,2030-01-09,nu,/autogari/calarasi/,https://licente.arr.ro/autogari,2026-09-16
Călărași,CL,Oltenița,Dinamic Job SRL,21651800,Pct Lucru Șos. Calarasi nr. 15,nu,0728301000,0728301000,,5005,2024-09-04,2029-08-28,nu,/autogari/calarasi/,https://licente.arr.ro/autogari,2026-09-16
Călărași,CL,Oltenița,Intens SRL,RO13801698,Bd. 1 Decembrie nr. 35,nu,0242510690,0242510690; 0734114115,0242510690,5009,2026-04-07,2031-04-06,nu,/autogari/calarasi/,https://licente.arr.ro/autogari,2026-09-16
Călărași,CL,Oltenița,Vlaciu SRL,RO3965243,Bd. 1 Decembrie KM 77+598,nu,0749997510,0749997510,0342220096,5007,2025-03-21,2030-03-20,nu,/autogari/calarasi/,https://licente.arr.ro/autogari,2026-09-16
Caraș-Severin,CS,Caransebeș,Nadina SRL,RO1043719,ST.PUNTII.nr. 8,da,0730623462,0730623462; 0722278430,0355429008,4806,2025-09-12,2030-09-11,nu,/autogari/resita/,https://licente.arr.ro/autogari,2026-09-16
Constanța,CT,Constanța,Herli-sof S.R.L.,RO16528240,Str. Theodor Burada nr. 1,da,0721276336,0721276336,,6443,2026-03-05,2031-03-04,nu,/autogari/constanta/,https://licente.arr.ro/autogari,2026-09-16
Constanța,CT,Constanța,Trace Trans Corporation SRL,8075777,Str. Zburatorului nr. 4,da,0241553632,0241553632,0241553632,6442,2026-02-24,2031-02-23,nu,/autogari/constanta/,https://licente.arr.ro/autogari,2026-09-16
Covasna,CV,Covasna,Linka Tranzit SRL,26948527,Str. 1 Decembrie 1918 nr. 34,nu,0267310165,0267310165; 0725857333,,4824,2022-04-25,2027-04-24,nu,/autogari/sfantu-gheorghe/,https://licente.arr.ro/autogari,2026-09-16
Covasna,CV,Sfântu Gheorghe,Multi Trans SA,555397,Str. Garii nr. 5,da,0754076228,0754076228,,5022,2022-12-01,2027-11-30,nu,/autogari/sfantu-gheorghe/,https://licente.arr.ro/autogari,2026-09-16
Covasna,CV,Târgu Secuiesc,Caribic Trans SRL,5627958,Str. Garii nr. 52,da,0730516246,0730516246,,5021,2022-09-29,2027-09-28,nu,/autogari/sfantu-gheorghe/,https://licente.arr.ro/autogari,2026-09-16
Covasna,CV,Târgu Secuiesc,RO D Transport SRL,RO3464463,Str. Garii nr. 89,da,0728288707,0728288707,,4825,2022-09-29,2027-09-28,nu,/autogari/sfantu-gheorghe/,https://licente.arr.ro/autogari,2026-09-16
Covasna,CV,Târgu Secuiesc,Transbus SA,3046843,Str. Fabricii nr. 3,nu,0268333391,0268333391,,5024,2024-04-12,2029-04-11,nu,/autogari/sfantu-gheorghe/,https://licente.arr.ro/autogari,2026-09-16
Covasna,CV,Târgu Secuiesc,Transport Intern si International Trans-intex SRL,RO5502873,Str. Orban Balazs nr. 7,da,0744314458,0744314458,,5023,2023-08-05,2028-08-04,nu,/autogari/sfantu-gheorghe/,https://licente.arr.ro/autogari,2026-09-16
Dâmbovița,DB,Găești,Grup ATYC SRL,RO14548594,Str. Independentei nr. 2C,nu,0245211998,0245211998,0245211998,5051,2022-06-10,2027-06-02,nu,/autogari/targoviste/,https://licente.arr.ro/autogari,2026-09-16
Dâmbovița,DB,Pucioasa,Grup ATYC SRL,RO14548594,Str. Republicii nr. 157,nu,0744639992,0744639992,,5056,2023-03-08,2028-02-22,nu,/autogari/targoviste/,https://licente.arr.ro/autogari,2026-09-16
Dâmbovița,DB,Târgoviște,General Com ATYC SRL,15856215,Bd. Evardul Eroilor nr. 38,nu,0743334701,0743334701,,5154,2024-03-02,2029-01-31,nu,/autogari/targoviste/,https://licente.arr.ro/autogari,2026-09-16
Dâmbovița,DB,Târgoviște,Grup ATYC SRL,RO14548594,Str. Tudor Vladimirescu nr. 86,nu,0743337444,0743337444,0245211998,5052,2022-07-06,2027-07-05,nu,/autogari/targoviste/,https://licente.arr.ro/autogari,2026-09-16
Dâmbovița,DB,Târgoviște,Grup ATYC SRL,RO14548594,Str. Gimnaziului nr. 2,nu,0722288951,0722288951,,5053,2022-07-10,2027-07-09,nu,/autogari/targoviste/,https://licente.arr.ro/autogari,2026-09-16
Dâmbovița,DB,Târgoviște,Grup ATYC SRL,RO14548594,Str. Cimpulung nr. 126,nu,0743337444,0743337444,0245211998,5055,2022-07-10,2027-07-09,nu,/autogari/targoviste/,https://licente.arr.ro/autogari,2026-09-16
Dâmbovița,DB,Târgoviște,Millenium Trans Impex SRL,RO13516616,Str. Garii nr. 1,nu,0345105971,0345105971,,4240,2021-12-22,2026-12-21,nu,/autogari/targoviste/,https://licente.arr.ro/autogari,2026-09-16
Dâmbovița,DB,Târgoviște,Servicii Publice Municipale Targoviste SRL,39450469,Calea Ialomitei nr. 5,nu,0727400586,0727400586,,5152,2024-03-01,2029-02-12,nu,/autogari/targoviste/,https://licente.arr.ro/autogari,2026-09-16
Dâmbovița,DB,Târgoviște,Servicii Publice Municipale Targoviste SRL,39450469,Șos. Eaua Gaesti T9 P47/1,nu,0727400586,0727400586,,5153,2024-03-01,2029-02-12,nu,/autogari/targoviste/,https://licente.arr.ro/autogari,2026-09-16
Dâmbovița,DB,Târgoviște,Servicii Publice Municipale Targoviste SRL,39450469,Bd. Evardul Unirii nr. 6A,nu,0374968644,0374968644,,5155,2024-03-05,2029-02-12,nu,/autogari/targoviste/,https://licente.arr.ro/autogari,2026-09-16
Dolj,DJ,Craiova,Neagtovo Prod SRL,7337233,Str. Popoveni nr. 1,nu,0721478288,0721478288,,5016,2025-10-15,2030-10-14,nu,/autogari/craiova/,https://licente.arr.ro/autogari,2026-09-16
Dolj,DJ,Craiova,Pelendava SA,RO2292998,Str. Decebal nr. 3,da,0251411187,0251411187,,5017,2026-06-09,2031-06-08,nu,/autogari/craiova/,https://licente.arr.ro/autogari,2026-09-16
Gorj,GJ,Târgu Jiu,Expres Transport SA,RO2156759,Str. Nicolae Titulescu nr. 5,da,0742076080,0742076080,0253228276,4511,2022-07-26,2027-07-25,nu,/autogari/targu-jiu/,https://licente.arr.ro/autogari,2026-09-16
Gorj,GJ,Târgu Jiu,Viitorul SRL,7036486,Calea Bucuresti nr. 9A,da,0253461116,0253461116; 0748222215,,4512,2026-06-16,2031-06-15,nu,/autogari/targu-jiu/,https://licente.arr.ro/autogari,2026-09-16
Galați,GL,Galați,Atr & Eta Eurotrans SRL,32633680,"Str. Tecuci, nr. 175",nu,0744709646,0744709646,,5272,2024-03-13,2029-03-12,nu,/autogari/galati/,https://licente.arr.ro/autogari,2026-09-16
Galați,GL,Galați,Gegi SRL,6466990,"Galati, Str. Drumul de Centura, nr. 246",nu,0752105000,0752105000,,5273,2024-07-26,2029-07-25,nu,/autogari/galati/,https://licente.arr.ro/autogari,2026-09-16
Galați,GL,Galați,Zellit Group SRL,52264617,"Str. Ana Ipatescu, nr. 21",da,0754589959,0754589959,,5274,2025-09-10,2030-09-09,nu,/autogari/galati/,https://licente.arr.ro/autogari,2026-09-16
Galați,GL,Pechea,Stefu Ion SRL,RO7051087,"Str. Galati, nr. 220",nu,0236823723,0236823723,,4948,2022-06-08,2027-06-07,nu,/autogari/galati/,https://licente.arr.ro/autogari,2026-09-16
Galați,GL,Tecuci,Gegi SRL,RO6466990,"Str. Transilvaniei, nr. 7",nu,0236820031,0236820031,,4947,2021-12-13,2026-12-12,nu,/autogari/galati/,https://licente.arr.ro/autogari,2026-09-16
Giurgiu,GR,Giurgiu,Liber Trans Com SRL,RO15146072,"Str. Gloriei, nr. 7",nu,0723440472,0723440472,,5281,2022-07-23,2027-07-22,nu,/autogari/giurgiu/,https://licente.arr.ro/autogari,2026-09-16
Giurgiu,GR,Giurgiu,Smaranda SRL,13918184,"Bd. CFR, nr. 5",da,0246216736,0246216736,,4732,2022-06-21,2027-06-20,nu,/autogari/giurgiu/,https://licente.arr.ro/autogari,2026-09-16
Giurgiu,GR,Valea Dragului,Mototolea Com Serv SNC,4798844,"Sat Valea Dragului, Șos. eaua Principala, nr. 394, Judet Giurgiu, Cod postal 8337",nu,0723837094,0723837094,,5282,2025-06-18,2030-06-17,nu,/autogari/giurgiu/,https://licente.arr.ro/autogari,2026-09-16
Hunedoara,HD,Brad,Crisbus S.A. Brad,RO2138876,"Str. ada Republicii, nr. 15",nu,0254613026,0254613026,,4841,2026-09-12,2031-09-11,nu,/autogari/deva/,https://licente.arr.ro/autogari,2026-09-16
Hunedoara,HD,Deva,Crisbus S.A. Brad,2138876,"Deva, Piața Garii nr. Autogara",da,0786042639,0786042639,,4838,2023-04-13,2028-03-26,nu,/autogari/deva/,https://licente.arr.ro/autogari,2026-09-16
Hunedoara,HD,Deva,Plus Com S.R.L.,RO3953338,"Str. Garii, nr. 2",da,0254211411,0254211411,0254211411,4840,2026-04-06,2031-04-05,nu,/autogari/deva/,https://licente.arr.ro/autogari,2026-09-16
Hunedoara,HD,Hunedoara,Interservice S.R.L.,RO2126405,Bd. Republicii nr. 11A,nu,0254712320,0254712320,0254713142,4835,2021-11-29,2026-11-28,nu,/autogari/deva/,https://licente.arr.ro/autogari,2026-09-16
Hunedoara,HD,Orăștie,BV Dasler S.R.L.,11929802,"Str. Gradistei, Autogara",nu,0786042655,0786042655,,4839,2025-02-26,2030-02-25,nu,/autogari/deva/,https://licente.arr.ro/autogari,2026-09-16
Hunedoara,HD,Petroșani,Siva Trans S.R.L.,RO15197416,Str. DN 66 - Zona Shell,nu,0254540059,0254540059,0254540059,4836,2022-09-14,2027-09-13,nu,/autogari/deva/,https://licente.arr.ro/autogari,2026-09-16
Harghita,HR,Miercurea Ciuc,Csiki Trans SRL,26416163,Str. Brasovului nr. 3,da,0736004343,0736004343,0749084002,5076,2026-06-21,2031-06-20,nu,/autogari/miercurea-ciuc/,https://licente.arr.ro/autogari,2026-09-16
Harghita,HR,Odorheiu Secuiesc,Corundtrans-csavargo SRL,3495966,Str. Targului nr. 10,da,0266218077,0266218077,0266218077,4881,2026-06-10,2031-06-09,nu,/autogari/miercurea-ciuc/,https://licente.arr.ro/autogari,2026-09-16
Harghita,HR,Odorheiu Secuiesc,Gas Tours SRL,RO7915833,Str. Targului nr. 5,da,0266243704,0266243704,0266243704,4879,2024-12-11,2029-12-10,nu,/autogari/miercurea-ciuc/,https://licente.arr.ro/autogari,2026-09-16
Ialomița,IL,Amara,Drimo Inter Trans SRL,14875979,"Str. Alexandru Ioan Cuza, nr. 1B",nu,0728132700,0728132700,,4637,2025-05-20,2030-05-19,nu,/autogari/slobozia/,https://licente.arr.ro/autogari,2026-09-16
Ialomița,IL,Bordușani,Roby Inter Trade S.R.L.,33033080,"Str. Primaverii, nr. 58",nu,0720678039,0720678039,,4639,2025-12-03,2030-12-01,nu,/autogari/slobozia/,https://licente.arr.ro/autogari,2026-09-16
Ialomița,IL,Fetești,Inter Trans Hary S.R.L.,RO8156006,"Str. Anghel Saligny, nr. 14",nu,0243361766,0243361766; 0723295473,0242322068,4630,2022-03-18,2027-03-17,nu,/autogari/slobozia/,https://licente.arr.ro/autogari,2026-09-16
Ialomița,IL,Fetești,Nick Touring SRL,13603674,"Str. Inginer Anghel Saligni, nr. 9",nu,0737382184,0737382184,,4635,2024-12-25,2029-12-24,nu,/autogari/slobozia/,https://licente.arr.ro/autogari,2026-09-16
Ialomița,IL,Fetești,Roby Inter Trade S.R.L.,33033080,"Str. Anghel Saligny, nr. 4",nu,0728048877,0728048877,,4636,2025-02-07,2030-02-06,nu,/autogari/slobozia/,https://licente.arr.ro/autogari,2026-09-16
Ialomița,IL,Fierbinți-Târg,G & S Tours S.R.L.,RO17305247,Str. Calea Bucuresti nr. 107A,nu,0728132700,0728132700; 0728290301,,4632,2022-08-30,2027-08-29,nu,/autogari/slobozia/,https://licente.arr.ro/autogari,2026-09-16
Ialomița,IL,Slobozia,Apicola Costache S.R.L.,18259076,"Str. Garii, nr. 3",da,0744344634,0744344634,,4629,2021-12-01,2026-11-30,nu,/autogari/slobozia/,https://licente.arr.ro/autogari,2026-09-16
Ialomița,IL,Slobozia,Comtrans S.A.,RO2071407,Str. Garii nr. 17,da,0726197070,0726197070,,4640,2026-05-04,2031-05-03,nu,/autogari/slobozia/,https://licente.arr.ro/autogari,2026-09-16
Ialomița,IL,Urziceni,Apicola Costache S.R.L.,RO18259076,Str. Republicii nr. 33,nu,0764346172,0764346172,,4642,2026-07-15,2031-07-14,nu,/autogari/slobozia/,https://licente.arr.ro/autogari,2026-09-16
Ialomița,IL,Urziceni,G & S Tours S.R.L.,RO17305247,"Str. Buzaului, nr. 44",nu,0727341257,0727341257,,4634,2024-11-04,2029-01-09,nu,/autogari/slobozia/,https://licente.arr.ro/autogari,2026-09-16
Iași,IS,Iași,Eurovoyage SRL,RO16922295,Str. Al.o.teodoreanu nr. 49,da,0723207684,0723207684,0372899702,4909,2022-07-13,2027-06-26,nu,/autogari/iasi/,https://licente.arr.ro/autogari,2026-09-16
Iași,IS,Iași,Metchim SA,5683419,Str. Moara de Foc nr. 15,da,0232214720,0232214720,0232251769,4989,2026-04-19,2031-04-18,nu,/autogari/iasi/,https://licente.arr.ro/autogari,2026-09-16
Iași,IS,Iași,Transbus Codreanu SRL,15146579,Str. Garii nr. 22,da,0745871377,0745871377,0232251037,4988,2026-03-17,2031-03-16,nu,/autogari/iasi/,https://licente.arr.ro/autogari,2026-09-16
Iași,IS,Pașcani,Intertranscom SRL,13410037,Str. Garii nr. 95A,nu,0749995988,0749995988,,4986,2024-06-20,2029-06-19,nu,/autogari/iasi/,https://licente.arr.ro/autogari,2026-09-16
Iași,IS,Pașcani,Sprinter AGM SRL,RO15519082,Str. 22DECEMBRIE nr. 24,nu,0761775733,0761775733,,4987,2024-11-18,2029-11-17,nu,/autogari/iasi/,https://licente.arr.ro/autogari,2026-09-16
Iași,IS,Târgu Frumos,Intertranscom SRL,RO13410037,Str. Cuza Voda Sector Cadastral 56 Parcela P1,nu,0735788946,0735788946,0232235850,4910,2022-08-28,2027-08-27,nu,/autogari/iasi/,https://licente.arr.ro/autogari,2026-09-16
Mehedinți,MH,Drobeta-Turnu Severin,Transport Public Urban Drobeta SA,RO14854364,Str. Topolnitei nr. 5,nu,0252315599,0252315599,,4160,2022-09-12,2027-09-11,nu,/autogari/drobeta-turnu-severin/,https://licente.arr.ro/autogari,2026-09-16
Maramureș,MM,Baia Mare,Fany Prestari Servicii SRL,220235,Bd. Bucuresti nr. 57,da,0736909080,0736909080,,4604,2022-09-09,2027-09-08,nu,/autogari/baia-mare/,https://licente.arr.ro/autogari,2026-09-16
Maramureș,MM,Sighetu Marmației,Bus Trans SRL,15685204,Str. Garii nr. 10,da,0724029626,0724029626,,4606,2025-12-28,2030-12-27,nu,/autogari/baia-mare/,https://licente.arr.ro/autogari,2026-09-16
Maramureș,MM,Sighetu Marmației,Tur Calatori SRL,RO14184205,Str. Garii nr. 70-73,da,0745587231,0745587231,,4605,2022-09-21,2027-09-20,nu,/autogari/baia-mare/,https://licente.arr.ro/autogari,2026-09-16
Mureș,MS,Reghin,Demaraj Trans SRL,RO13637685,Str. Raului nr. 12/A,nu,0265512580,0265512580,,4710,2022-09-15,2027-09-14,nu,/autogari/targu-mures/,https://licente.arr.ro/autogari,2026-09-16
Mureș,MS,Reghin,Tram SRL,1235200,Str. Garii nr. 64,nu,0265520828,0265520828,,4715,2026-06-14,2031-06-13,nu,/autogari/targu-mures/,https://licente.arr.ro/autogari,2026-09-16
Mureș,MS,Sighișoara,Sigvio SRL,1223450,Str. Nicolae Titulescu nr. 8,nu,0744102266,0744102266,,4713,2024-12-04,2029-12-03,nu,/autogari/targu-mures/,https://licente.arr.ro/autogari,2026-09-16
Mureș,MS,Târgu Mureș,Balint Trans SRL,13805274,Str. Bega nr. 9,nu,0265255092,0265255092; 0745611999,,4711,2022-09-15,2027-09-14,nu,/autogari/targu-mures/,https://licente.arr.ro/autogari,2026-09-16
Mureș,MS,Târgu Mureș,Duda Trans SRL,13851165,Piața Garii nr. 6,da,0747048444,0747048444,,4712,2023-02-07,2028-02-06,nu,/autogari/targu-mures/,https://licente.arr.ro/autogari,2026-09-16
Mureș,MS,Târgu Mureș,Karincon SRL,RO1204017,"Str. Suceava, nr. 29/A",nu,0740028288,0740028288,,4709,2022-01-06,2027-01-05,nu,/autogari/targu-mures/,https://licente.arr.ro/autogari,2026-09-16
Mureș,MS,Târgu Mureș,Niraj Prodcom SRL,RO3562321,"Str. Sinaia nr. 3, C21/1",nu,0265264483,0265264483,,4708,2021-12-22,2026-12-21,nu,/autogari/targu-mures/,https://licente.arr.ro/autogari,2026-09-16
Mureș,MS,Târnăveni,Municipiul Tarnaveni,4323535,Aleea Garii nr. 2,nu,0265446312,0265446312; 0265443400,0265446312,4714,2026-04-03,2031-04-02,nu,/autogari/targu-mures/,https://licente.arr.ro/autogari,2026-09-16
Neamț,NT,Piatra-Neamț,Conpastru SRL,13810327,Str. General Nicolae Dascalescu nr. 5,nu,0751117335,0751117335,0233233884,4373,2025-12-08,2030-12-07,nu,/autogari/piatra-neamt/,https://licente.arr.ro/autogari,2026-09-16
Neamț,NT,Piatra-Neamț,Euro Travel SRL,20744846,Str. Bistritei nr. 1,nu,0733966420,0733966420,,4370,2023-08-19,2028-04-06,nu,/autogari/piatra-neamt/,https://licente.arr.ro/autogari,2026-09-16
Neamț,NT,Piatra-Neamț,Fya Trans SRL,14200360,Str. Ada Bistritei nr. 5,nu,0748334444,0748334444,,4372,2025-08-28,2030-08-27,nu,/autogari/piatra-neamt/,https://licente.arr.ro/autogari,2026-09-16
Neamț,NT,Piatra-Neamț,Patru Plus Trans SRL,RO6108568,Str. Bistritei nr. 1,nu,0744886981,0744886981,,4374,2025-12-11,2030-12-10,nu,/autogari/piatra-neamt/,https://licente.arr.ro/autogari,2026-09-16
Neamț,NT,Roman,Sdn Rental Solutions SRL,44418189,Str. Sucedava nr. 149,nu,0722910557,0722910557,,4367,2022-04-01,2027-03-31,nu,/autogari/piatra-neamt/,https://licente.arr.ro/autogari,2026-09-16
Neamț,NT,Roman,Ulderic Iosif SRL,27967446,Str. Mihai Viteazu nr. 3-5,da,0766457136,0766457136,,4371,2024-01-17,2029-01-16,nu,/autogari/piatra-neamt/,https://licente.arr.ro/autogari,2026-09-16
Neamț,NT,Târgu Neamț,David Romica Neamt SRL,44692116,Loc.Târgu Neamt Oras Târgu Neamt Str. Slt. Radu Teoharie nr. 18 Judet Neamt,nu,0744549965,0744549965,,4375,2025-12-16,2030-12-15,nu,/autogari/piatra-neamt/,https://licente.arr.ro/autogari,2026-09-16
Neamț,NT,Târgu Neamț,Euro Trans Expres Lines S.R.L.,51664909,Str. Cuza Voda nr. 68 (fosta 278),nu,0735788946,0735788946,,4376,2026-03-11,2031-03-10,nu,/autogari/piatra-neamt/,https://licente.arr.ro/autogari,2026-09-16
Neamț,NT,Târgu Neamț,Flozampet Com SRL,RO5302140,Str. Mihai Eminescu nr. 16A,nu,0233791219,0233791219,0757467714,4365,2021-11-17,2026-11-16,nu,/autogari/piatra-neamt/,https://licente.arr.ro/autogari,2026-09-16
Olt,OT,Corabia,EBA-FAG,13738477,Str. Trecerea Dunarii nr. 18,nu,0766448204,0766448204,,4252,2023-06-08,2028-06-07,nu,/autogari/slatina/,https://licente.arr.ro/autogari,2026-09-16
Olt,OT,Corabia,Sucidava,RO1537950,Str. Trecerea Dunarii nr. 5,nu,0249560720,0249560720,,4249,2022-09-09,2027-09-08,nu,/autogari/slatina/,https://licente.arr.ro/autogari,2026-09-16
Olt,OT,Slatina,Coveanu S.R.L.,7147719,Str. Ada Constructorului nr. 1A,nu,0745515646,0745515646,,4250,2022-09-21,2027-09-20,nu,/autogari/slatina/,https://licente.arr.ro/autogari,2026-09-16
Olt,OT,Slatina,Transbuz,RO1521732,Str. Silozului nr. 2,da,0249436201,0249436201,,4251,2026-02-06,2031-02-05,nu,/autogari/slatina/,https://licente.arr.ro/autogari,2026-09-16
Prahova,PH,Câmpina,Autogara Com SRL,RO12501862,Str. Petrolistului nr. 2,nu,0244334010,0244334010,0720220257,4903,2024-01-13,2029-01-12,nu,/autogari/ploiesti/,https://licente.arr.ro/autogari,2026-09-16
Prahova,PH,Câmpina,Diana PA SRL,RO1302457,"Str. Salaj, nr. 15",nu,0244376762,0244376762; 0722214615,,4902,2023-04-25,2028-04-24,nu,/autogari/ploiesti/,https://licente.arr.ro/autogari,2026-09-16
Prahova,PH,Ploiești,Alegria Sud SRL,42980295,Str. Depoului nr. 9-11,da,0757888887,0757888887,,4904,2025-11-05,2030-11-04,nu,/autogari/ploiesti/,https://licente.arr.ro/autogari,2026-09-16
Sibiu,SB,Mediaș,Meditur SA,9735812,"Str. Ada Unirii, nr. 8",da,0745270560,0745270560,,5083,2023-02-25,2028-01-31,nu,/autogari/sibiu/,https://licente.arr.ro/autogari,2026-09-16
Sibiu,SB,Sibiu,Amad Touristik SRL,RO2680957,Str. Calea Poplacii nr. 58,da,0269212227,0269212227,0269233222,5239,2026-07-24,2031-07-23,nu,/autogari/sibiu/,https://licente.arr.ro/autogari,2026-09-16
Sibiu,SB,Sibiu,Atlantic Travels International SRL,21979506,"Str. Autogarii, nr. 1",da,0742357020,0742357020,,5236,2025-06-16,2030-06-15,nu,/autogari/sibiu/,https://licente.arr.ro/autogari,2026-09-16
Sibiu,SB,Sibiu,Euro Domus SRL,17674821,"Str. Ada Monaco, nr. 10",da,0722309509,0722309509,,5235,2025-04-12,2030-04-11,nu,/autogari/sibiu/,https://licente.arr.ro/autogari,2026-09-16
Sibiu,SB,Sibiu,Montana Steel Construct SRL,28594515,Str. Europa Unita nr. 11,da,0720100008,0720100008,,5238,2025-07-26,2030-07-25,nu,/autogari/sibiu/,https://licente.arr.ro/autogari,2026-09-16
Sibiu,SB,Sibiu,Transmixt SA,RO791290,Piața 1 Decembrie 1918 nr. 6,da,0269217757,0269217757; 0743919481,0269236454,5234,2025-03-18,2030-03-17,nu,/autogari/sibiu/,https://licente.arr.ro/autogari,2026-09-16
Sălaj,SJ,Zalău,Tur Cento Trans SRL,14881539,Str. Tudor Vladimirescu nr. 58,da,0260606343,0260606343,,4862,2022-10-01,2027-09-30,nu,/autogari/zalau/,https://licente.arr.ro/autogari,2026-09-16
Sălaj,SJ,Zalău,YMY Trans SRL,6225363,Str. Tudor Vladimirescu nr. 54,da,0744174389,0744174389,,4864,2024-03-11,2029-03-10,nu,/autogari/zalau/,https://licente.arr.ro/autogari,2026-09-16
Sălaj,SJ,Șimleu Silvaniei,Tur Cento Trans SRL,14881539,Str. 22 Decembrie 1989 nr. 46/A,da,0260678124,0260678124,,4863,2023-04-03,2028-04-02,nu,/autogari/zalau/,https://licente.arr.ro/autogari,2026-09-16
Satu Mare,SM,Satu Mare,Fany Prestari Servicii SRL,220235,Str. Closca nr. 14,nu,0736909080,0736909080,,4555,2024-12-20,2029-12-19,nu,/autogari/satu-mare/,https://licente.arr.ro/autogari,2026-09-16
Satu Mare,SM,Satu Mare,Orizont SA,RO642973,Str. Grivitei nr. 1/A,da,0261768439,0261768439,,4552,2022-04-13,2027-04-12,nu,/autogari/satu-mare/,https://licente.arr.ro/autogari,2026-09-16
Satu Mare,SM,Satu Mare,Transurban S.A.,18171186,Str. Fabricii nr. 43,da,0261721971,0261721971,0261721971,4554,2023-09-26,2028-09-25,nu,/autogari/satu-mare/,https://licente.arr.ro/autogari,2026-09-16
Satu Mare,SM,Satu Mare,Transurban SA,18171186,Str. Gara Ferastrau nr. 9,nu,0261712971,0261712971,0261721972,4553,2023-09-26,2028-09-25,nu,/autogari/satu-mare/,https://licente.arr.ro/autogari,2026-09-16
Suceava,SV,Câmpulung Moldovenesc,Maxitrans Company SRL,RO12613084,Calea Bucovinei nr. 45,nu,0728099099,0728099099,,5039,2023-02-11,2028-02-10,nu,/autogari/suceava/,https://licente.arr.ro/autogari,2026-09-16
Suceava,SV,Fălticeni,Inter-impex SRL,8094248,Str. 13 Decembrie nr. 11,nu,0230545758,0230545758,,5308,2025-03-09,2030-03-08,nu,/autogari/suceava/,https://licente.arr.ro/autogari,2026-09-16
Suceava,SV,Fălticeni,Linia CDI Transport S.R.L.,49664664,"Str. Matei Milo, FN",nu,0753111119,0753111119,,6621,2025-10-08,2030-10-07,nu,/autogari/suceava/,https://licente.arr.ro/autogari,2026-09-16
Suceava,SV,Fălticeni,Romfour Tur SRL,16568997,"Str. Plugari, nr. 3",nu,0752163101,0752163101,,5309,2025-05-14,2030-05-13,nu,/autogari/suceava/,https://licente.arr.ro/autogari,2026-09-16
Suceava,SV,Gura Humorului,Daily Motors SRL,RO17397771,Str. Stefan Cel Mare nr. 19,nu,0744406675,0744406675,0230230707,5306,2023-06-03,2028-06-02,nu,/autogari/suceava/,https://licente.arr.ro/autogari,2026-09-16
Suceava,SV,Rădăuți,Petdor Com SRL,RO7409003,Str. Garii nr. 16-18,da,0230563361,0230563361; 0722371877,0230562227,6623,2026-08-16,2031-08-15,nu,/autogari/suceava/,https://licente.arr.ro/autogari,2026-09-16
Suceava,SV,Rădăuți,Tarsincom SRL,RO8253254,Str. Stefan Cel Mare nr. 82,da,0230562929,0230562929,,5036,2022-06-14,2027-06-13,nu,/autogari/suceava/,https://licente.arr.ro/autogari,2026-09-16
Suceava,SV,Rădăuți,Trans-nicolaescu SRL,RO14426570,Str. Garii nr. 33,da,0733071800,0733071800,,5037,2022-07-01,2027-06-30,nu,/autogari/suceava/,https://licente.arr.ro/autogari,2026-09-16
Suceava,SV,Rădăuți,Transport Auto Radauti SA,RO738491,Str. Stefan Cel Mare nr. FN,nu,0230563450,0230563450,0230563450,5038,2022-09-01,2027-08-31,nu,/autogari/suceava/,https://licente.arr.ro/autogari,2026-09-16
Suceava,SV,Suceava,Ceztrans Company SRL,22478112,Str. Ion Creanga nr. 2,nu,0755926113,0755926113,,6622,2026-07-16,2031-07-15,nu,/autogari/suceava/,https://licente.arr.ro/autogari,2026-09-16
Suceava,SV,Suceava,Family SRL,723393,Str. Apeductului nr. 8A,nu,0744814129,0744814129,,5307,2024-07-16,2029-07-15,nu,/autogari/suceava/,https://licente.arr.ro/autogari,2026-09-16
Suceava,SV,Suceava,Tasa Invest Imobiliare SRL,42099792,Str. Traian Vuia nr. 7,da,0742105210,0742105210,,4355,2021-09-28,2026-09-27,da,/autogari/suceava/,https://licente.arr.ro/autogari,2026-09-16
Suceava,SV,Vatra Dornei,Transport Auto Severin SA,RO742093,Str. Oborului nr. 4,da,0230375526,0230375526,0230375526,6624,2026-08-27,2031-08-26,nu,/autogari/suceava/,https://licente.arr.ro/autogari,2026-09-16
Tulcea,TL,Baia,Trace Trans Corporation-autogara Baia,RO8075777,Str. Republicii nr. 32A,da,0240564014,0240564014,,4667,2022-10-04,2027-10-03,nu,/autogari/tulcea/,https://licente.arr.ro/autogari,2026-09-16
Tulcea,TL,Tulcea,Conex Trans SRL,RO4994298,Str. Portului nr. 28A,da,0745124124,0745124124,0240515138,4669,2026-03-17,2031-03-16,nu,/autogari/tulcea/,https://licente.arr.ro/autogari,2026-09-16
Tulcea,TL,Tulcea,Trace Trans Corporation SRL,8075777,Incinta Gara Fluviala Str. Portului nr. 26,nu,0722316135,0722316135,,4668,2022-11-23,2027-11-22,nu,/autogari/tulcea/,https://licente.arr.ro/autogari,2026-09-16
Timiș,TM,Făget,Transport Mixt Fageteana SA,RO2507922,Calea Lugojului nr. 86,nu,0256320487,0256320487,0256320487,4874,2021-11-11,2026-11-10,nu,/autogari/timisoara/,https://licente.arr.ro/autogari,2026-09-16
Timiș,TM,Timișoara,Normandia Service SRL,RO9468260,Calea Stan Vidrighin nr. 12,da,0722295272,0722295272,,4923,2025-01-13,2030-01-12,nu,/autogari/timisoara/,https://licente.arr.ro/autogari,2026-09-16
Timiș,TM,Timișoara,Real Construct Management SRL,RO28003074,Str. Ion Heliade Radulescu nr. 1,nu,0756139503,0756139503,,4922,2023-03-02,2028-03-01,nu,/autogari/timisoara/,https://licente.arr.ro/autogari,2026-09-16
Timiș,TM,Timișoara,Super Imposer SRL,6554897,Str. Frobl nr. 54 Splaiul Tudor Vladimirescu BR.29,nu,0744524443,0744524443,,4924,2025-08-21,2030-05-31,nu,/autogari/timisoara/,https://licente.arr.ro/autogari,2026-09-16
Teleorman,TR,Alexandria,Alpin Star S.R.L.,RO15390211,"Str. Constantin Brincoveanu, nr. 77",nu,0766369693,0766369693,0767574059,4945,2023-11-14,2028-11-13,nu,/autogari/alexandria/,https://licente.arr.ro/autogari,2026-09-16
Teleorman,TR,Alexandria,Autogara Direct S.R.L.,50516785,Municipiul Alexandria Str. Cuza Voda nr. 121 Judet Teleorman Cod postal 140074,nu,0734002000,0734002000,,5312,2025-01-01,2029-12-31,nu,/autogari/alexandria/,https://licente.arr.ro/autogari,2026-09-16
Teleorman,TR,Alexandria,Florintrans SRL,RO5546250,"Str. Fabricii, nr. 1",nu,,,,4942,2022-03-19,2027-03-18,nu,/autogari/alexandria/,https://licente.arr.ro/autogari,2026-09-16
Teleorman,TR,Alexandria,Transvalady SRL,RO14934510,"Str. 1 Mai, nr. 62-64-64 Bis",nu,0247313632,0247313632,,4946,2024-02-05,2029-02-04,nu,/autogari/alexandria/,https://licente.arr.ro/autogari,2026-09-16
Teleorman,TR,Roșiori de Vede,Lil Trans SRL,RO15977250,"Str. Carpati, nr. F.N. - Zona Gara de Nord",nu,,,,4943,2022-04-11,2027-04-10,nu,/autogari/alexandria/,https://licente.arr.ro/autogari,2026-09-16
Teleorman,TR,Turnu Măgurele,Dominator Impex S.R.L.,7378837,"Str. Oltului, nr. 209 Bis",nu,0786754052,0786754052,,4944,2022-12-06,2027-12-05,nu,/autogari/alexandria/,https://licente.arr.ro/autogari,2026-09-16
Vâlcea,VL,Drăgășani,Gril Impex SRL,RO2838160,Str. Prof.nicolaita Sanda nr. 13,nu,0721331269,0721331269,,4429,2023-01-01,2027-11-20,nu,/autogari/ramnicu-valcea/,https://licente.arr.ro/autogari,2026-09-16
Vâlcea,VL,Drăgășani,Matdan Service SRL,6828267,"Str. Podgoriei, nr. 5",da,0728247498,0728247498,,4435,2026-02-11,2031-02-10,nu,/autogari/ramnicu-valcea/,https://licente.arr.ro/autogari,2026-09-16
Vâlcea,VL,Horezu,Siva Trans SRL,RO15197416,Str. Tudor Vladimirescu nr. 53,nu,0733032889,0733032889,,4434,2026-01-30,2029-01-21,nu,/autogari/ramnicu-valcea/,https://licente.arr.ro/autogari,2026-09-16
Vâlcea,VL,Horezu,Transmontana SA,RO2545187,Str. General Magheru nr. 9,nu,0250860330,0250860330; 0723397890,0250861333,4433,2026-02-14,2031-02-13,nu,/autogari/ramnicu-valcea/,https://licente.arr.ro/autogari,2026-09-16
Vâlcea,VL,Râmnicu Vâlcea,Antares Transport SA,1472990,Str. George Cosbuc nr. 4,da,0722277706,0722277706,0350809401,4290,2026-08-26,2031-08-25,nu,/autogari/ramnicu-valcea/,https://licente.arr.ro/autogari,2026-09-16
Vâlcea,VL,Râmnicu Vâlcea,Lex-im-pol SRL,RO8213888,Str. Ferdinand nr. 38 ( Punct de Lucru),nu,0744558830,0744558830,0250747400,4437,2026-06-29,2031-06-28,nu,/autogari/ramnicu-valcea/,https://licente.arr.ro/autogari,2026-09-16
Vâlcea,VL,Râmnicu Vâlcea,Obada Trans SRL,11153328,"Str. George Cosbuc, nr. 4, Autogara 1 Mai",da,0723397192,0723397192,,4436,2026-05-08,2031-05-07,nu,/autogari/ramnicu-valcea/,https://licente.arr.ro/autogari,2026-09-16
Vâlcea,VL,Râmnicu Vâlcea,Obada Trans SRL,RO11153328,Str. Morilor nr. 26,nu,0250860330,0250860330,0250861333,4427,2022-07-21,2027-07-20,nu,/autogari/ramnicu-valcea/,https://licente.arr.ro/autogari,2026-09-16
Vrancea,VN,Adjud,Mihandru 2002 SRL,15085102,Bd. Garii nr. 26,nu,0762674292,0762674292,,4542,2022-02-18,2026-12-31,nu,/autogari/focsani/,https://licente.arr.ro/autogari,2026-09-16
Vrancea,VN,Adjud,Steptrans SRL,16248828,Str. Tineretului nr. 8,nu,0740643077,0740643077,,4541,2022-01-01,2026-12-31,nu,/autogari/focsani/,https://licente.arr.ro/autogari,2026-09-16
Vrancea,VN,Focșani,Transport Public SA,RO10099760,Str. Marasesti nr. 72,da,0237223501,0237223501,,4578,2024-12-25,2029-12-24,nu,/autogari/focsani/,https://licente.arr.ro/autogari,2026-09-16
Vaslui,VS,Bârlad,Elicom Trans S.R.L.,14039043,Str. General Vasile Milea nr. 14,nu,0745583911,0745583911,0235422795,4968,2025-06-23,2030-06-22,nu,/autogari/vaslui/,https://licente.arr.ro/autogari,2026-09-16
Vaslui,VS,Bârlad,Romdan Trans S.R.L.,14080093,Bd. Primaverii nr. 1A,nu,0744453666,0744453666,0235413571,4969,2026-01-12,2031-01-11,nu,/autogari/vaslui/,https://licente.arr.ro/autogari,2026-09-16
Vaslui,VS,Bârlad,Vertrantis SRL,13707756,Str. Ada G-ral Vasile Milea nr. 26 Barlad,nu,0751063410,0751063410,,4967,2024-06-07,2029-06-06,nu,/autogari/vaslui/,https://licente.arr.ro/autogari,2026-09-16
Vaslui,VS,Huși,Autobuzul SA,RO840121,Str. Dobrina nr. 19,da,0235480108,0235480108,0235480108,4814,2022-01-08,2027-01-07,nu,/autogari/vaslui/,https://licente.arr.ro/autogari,2026-09-16
Vaslui,VS,Vaslui,Morandi Logistic S.R.L.,23028868,Str. Decebal nr. 3,nu,0760675437,0760675437,,4965,2022-04-29,2027-04-28,nu,/autogari/vaslui/,https://licente.arr.ro/autogari,2026-09-16
