judet,cod_judet,oras,institutie,adresa,telefon_principal,telefoane_toate,fax,email,emailuri_toate,program_publicat,sedii_secundare,sedii_secundare_nume,pagina_punctcontact,sursa_oficiala,verificat
Alba,AB,Alba Iulia,AJOFM Alba,"Str. Nicolae Titulescu nr. 10B, bl. „Columna”, cod 510096, Alba Iulia",0258 811 470,Secretariat: 0258 811 470,,ajofm.ab@anofm.gov.ro,ajofm.ab@anofm.gov.ro,da,8,Agenția Locală Alba Iulia; Agenția Locală Câmpeni; Punct de lucru Aiud; Punct de lucru Baia de Arieș; Punct de lucru Blaj; Punct de lucru Cugir; Punct de lucru Sebeș; Centrul de Formare Profesională Blaj,/ajofm/alba-iulia/,https://www.anofm.ro/alba/contact/,2026-10-01
Arad,AR,Arad,AJOFM Arad,"Str. Călugăreni nr. 1A, Arad",0257 211 230,Secretariat: 0257 211 230; Linie secundară: 0257 211 791,,ajofm.ar@anofm.gov.ro,ajofm.ar@anofm.gov.ro,da,4,Agenția Locală Arad; Punct de lucru Sebiș; Punct de lucru Chișineu-Criș; Punct de lucru Ineu,/ajofm/arad/,https://www.anofm.ro/arad/contact/,2026-10-01
Argeș,AG,Pitești,AJOFM Argeș,"Bd. Republicii nr. 11, Pitești",0248 222 415,Secretariat: 0248 222 415,0248 222 582,ajofm.ag@anofm.gov.ro,ajofm.ag@anofm.gov.ro,da,6,Agenția Locală Pitești; Punct de lucru Mioveni; Punct de lucru Topoloveni; Agenția Locală Câmpulung; Agenția Locală Curtea de Argeș; Punct de lucru Costești,/ajofm/pitesti/,https://www.anofm.ro/arges/contact/,2026-10-01
Bacău,BC,Bacău,AJOFM Bacău,"Str. I. S. Sturdza nr. 63, Bacău",0234 576 736,Secretariat: 0234 576 736; Linie secundară: 0234 525 265,,,,da,8,Agenția Locală Bacău; Punct de lucru Onești; Punct de lucru Moinești; Punct de lucru Comănești; Punct de lucru Târgu Ocna; Punct de lucru Buhuși; Agenția Locală Podu Turcului; Punct de lucru Răcăciuni,/ajofm/bacau/,https://www.anofm.ro/bacau/contact/,2026-10-01
Bihor,BH,Oradea,AJOFM Bihor,"Str. Transilvaniei nr. 14, Oradea",0259 436 821,Secretariat: 0259 436 821; Linie secundară: 0359 800 960,0259 435 802,ajofm.bh@anofm.gov.ro,ajofm.bh@anofm.gov.ro,da,5,Agenția Locală Oradea; Punct de lucru Aleșd; Punct de lucru Beiuș; Punct de lucru Marghita; Punct de lucru Salonta,/ajofm/oradea/,https://www.anofm.ro/bihor/contact/,2026-10-01
Bistrița-Năsăud,BN,Bistrița,AJOFM Bistrița-Năsăud,"Str. Lalelelor nr. 3A, Bistrița",0263 236 296,Secretariat: 0263 236 296,0263 236 298,ajofm.bn@anofm.gov.ro,ajofm.bn@anofm.gov.ro,da,2,Punct de lucru Năsăud; Punct de lucru Beclean,/ajofm/bistrita/,https://www.anofm.ro/bistrita-nasaud/contact/,2026-10-01
Botoșani,BT,Botoșani,AJOFM Botoșani,"Str. Colonel Tomoroveanu nr. 2, Botoșani",0231 536 791,Secretariat: 0231 536 791; Linie secundară: 0231 536 792; Linie secundară: 0231 536 793; Linie secundară: 0231 512 389; Linie secundară: 0231 516 221,,botosani@anofm.gov.ro,botosani@anofm.gov.ro; ajofm.bt@anofm.gov.ro,da,5,Punct de lucru Dorohoi; Punct de lucru Săveni; Punct de lucru Darabani; Punct de lucru Ștefănești; Centrul de Formare Profesională Botoșani,/ajofm/botosani/,https://www.anofm.ro/botosani/contact/,2026-10-01
Brăila,BR,Brăila,AJOFM Brăila,"Bd. Dorobanţilor nr. 603–605, Brăila",0239 611 386,Secretariat: 0239 611 386; Linie secundară: 0239 611 376,0239 611 386,braila@anofm.gov.ro,braila@anofm.gov.ro; ajofm.br@anofm.gov.ro,da,5,Agenția Locală Brăila — sediul 1; Agenția Locală Brăila — sediul 2; Punct de lucru Făurei; Punct de lucru Însurăței; Centrul de Formare Profesională Brăila,/ajofm/braila/,https://www.anofm.ro/braila/contact/,2026-10-01
Brașov,BV,Brașov,AJOFM Brașov,"Str. Lungă nr. 1A, Brașov",0268 416 419,Secretariat: 0268 416 419; Linie secundară: 0268 411 960; Linie secundară: 0268 419 081,0268 412 552,ajofm.bv@anofm.gov.ro,ajofm.bv@anofm.gov.ro,da,6,Punct de lucru Făgăraș (și punctul mobil Victoria); Punct de lucru Zărnești; Punct de lucru Râșnov; Punct de lucru Codlea; Punct de lucru Rupea; Punct de lucru Săcele,/ajofm/brasov/,https://www.anofm.ro/brasov/contact/,2026-10-01
București,B,București,AMOFM București,"Str. Spătaru Preda nr. 12, București",0729 829 446,Secretariat: 0729 829 446,,amofm.buc@anofm.gov.ro,amofm.buc@anofm.gov.ro,da,7,Agenția Locală Sector 1; Agenția Locală Sector 2; Agenția Locală Sector 3; Agenția Locală Sector 4; Agenția Locală Sector 5; Agenția Locală Sector 6; Centrul de Informare și Consiliere privind Cariera,/ajofm/bucuresti/,https://www.anofm.ro/bucuresti/contact/,2026-10-01
Buzău,BZ,Buzău,AJOFM Buzău,"Str. Ion Băieșu nr. 6, bl. 3A, parter, Buzău",0238 713 216,Secretariat: 0238 713 216,0238 713 216,ajofm.bz@anofm.gov.ro,ajofm.bz@anofm.gov.ro,da,6,Agenția Locală Buzău; Centrul de Formare Profesională Buzău; Punct de lucru Râmnicu Sărat; Punct de lucru Pătârlagele; Punct de lucru Pogoanele; Punct de lucru Nehoiu,/ajofm/buzau/,https://www.anofm.ro/buzau/contact/,2026-10-01
Călărași,CL,Călărași,AJOFM Călărași,"Str. 13 Decembrie nr. 12, Călărași",0242 318 376,Secretariat: 0242 318 376; Linie secundară: 0242 318 377; Linie secundară: 0242 316 542,0242 331 693,ajofm.cl@anofm.gov.ro,ajofm.cl@anofm.gov.ro,da,2,Agenția Locală Oltenița; Punct de lucru Lehliu Gară,/ajofm/calarasi/,https://www.anofm.ro/calarasi/contact/,2026-10-01
Caraș-Severin,CS,Reșița,AJOFM Caraș-Severin,"Str. Traian Lalescu nr. 17, Reșița",0255 212 160,Secretariat: 0255 212 160; Linie secundară: 0255 213 064,,ajofm.cs@anofm.gov.ro,ajofm.cs@anofm.gov.ro,da,10,Agenția Locală Reșița; Punct de lucru Anina; Punct de lucru Băile Herculane; Punct de lucru Bocșa; Punct de lucru Bozovici; Punct de lucru Caransebeș; Punct de lucru Oravița; Punct de lucru Oțelu Roșu; Punct de lucru Moldova Nouă; Centrul de Formare Profesională Reșița,/ajofm/resita/,https://www.anofm.ro/caras-severin/contact/,2026-10-01
Cluj,CJ,Cluj-Napoca,AJOFM Cluj,"Str. George Coșbuc nr. 2, Cluj-Napoca",0264 590 227,Secretariat: 0264 590 227; Linie secundară: 0264 596 816; Linie secundară: 0735 788 800,0264 595 214,ajofm.cj@anofm.gov.ro,ajofm.cj@anofm.gov.ro,da,6,Agenția Locală Cluj-Napoca; Punct de lucru Huedin; Agenția Locală Turda; Punct de lucru Câmpia Turzii; Agenția Locală Dej; Punct de lucru Gherla,/ajofm/cluj-napoca/,https://www.anofm.ro/cluj/contact/,2026-10-01
Constanța,CT,Constanța,AJOFM Constanța,"Str. Soveja nr. 19, Constanța",0241 481 531,Secretariat: 0241 481 531,,ajofm.ct@anofm.gov.ro,ajofm.ct@anofm.gov.ro,da,5,Agenția Locală Constanța; Punct de lucru Medgidia; Punct de lucru Mangalia; Punct de lucru Năvodari; Punct de lucru Hârșova,/ajofm/constanta/,https://www.anofm.ro/constanta/contact/,2026-10-01
Covasna,CV,Sfântu Gheorghe,AJOFM Covasna,"Bd. Gen. Grigore Bălan nr. 14, Sfântu Gheorghe",0267 317 045,Secretariat: 0267 317 045; Linie secundară: 0267 312 157,,ajofm.cv@anofm.gov.ro,ajofm.cv@anofm.gov.ro,da,5,Agenția Locală Sfântu Gheorghe; Punct de lucru Târgu Secuiesc; Punct de lucru Covasna; Punct de lucru Baraolt; Punct de lucru Întorsura Buzăului,/ajofm/sfantu-gheorghe/,https://www.anofm.ro/covasna/contact/,2026-10-01
Dâmbovița,DB,Târgoviște,AJOFM Dâmbovița,"Str. Tudor Vladimirescu nr. 34A, cod 130078, Târgoviște",0245 615 932,Secretariat: 0245 615 932,0245 615 932,ajofm.db@anofm.gov.ro,ajofm.db@anofm.gov.ro,da,6,Agenția Locală Târgoviște; Punct de lucru Pucioasa; Punct de lucru Moreni; Punct de lucru Găești; Punct de lucru Titu; Punct de lucru Băleni,/ajofm/targoviste/,https://www.anofm.ro/dambovita/contact/,2026-10-01
Dolj,DJ,Craiova,AJOFM Dolj,"Str. Eugeniu Carada nr. 13A, Craiova",0251 306 100,Secretariat: 0251 306 100; Linie secundară: 0251 306 093; Linie secundară: 0351 404 100,0351 401 557,ajofm.dj@anofm.gov.ro,ajofm.dj@anofm.gov.ro,da,6,Agenția Locală Craiova; Punct de lucru Băilești; Punct de lucru Bechet; Punct de lucru Calafat; Punct de lucru Filiași; Punct de lucru Segarcea,/ajofm/craiova/,https://www.anofm.ro/dolj/contact/,2026-10-01
Galați,GL,Galați,AJOFM Galați,"Str. Domnească nr. 191, Galați",0236 412 262,Secretariat: 0236 412 262; Linie secundară: 0236 416 311,0236 415 151,ajofm.gl@anofm.gov.ro,ajofm.gl@anofm.gov.ro,da,2,Agenția Locală Tecuci; Agenția Locală Târgu Bujor,/ajofm/galati/,https://www.anofm.ro/galati/contact/,2026-10-01
Giurgiu,GR,Giurgiu,AJOFM Giurgiu,"Șos. București, bl. 202/5D, mezanin, cod 080301, Giurgiu",0246 230 613,Secretariat: 0246 230 613,0246 230 613,ajofm.gr@anofm.gov.ro,ajofm.gr@anofm.gov.ro; ajofm.giurgiu@gmail.com,da,1,Punct de lucru Bolintin Vale,/ajofm/giurgiu/,https://www.anofm.ro/giurgiu/contact/,2026-10-01
Gorj,GJ,Târgu Jiu,AJOFM Gorj,"Str. Lt. Col. Dumitru Petrescu nr. 1, Târgu Jiu",0353 417 304,Secretariat: 0353 417 304,,ajofm.gj@anofm.gov.ro,ajofm.gj@anofm.gov.ro,da,5,Agenția Locală Târgu Jiu; Punct de lucru Motru; Punct de lucru Târgu Cărbunești; Punct de lucru Rovinari; Punct de lucru Novaci,/ajofm/targu-jiu/,https://www.anofm.ro/gorj/contact/,2026-10-01
Harghita,HR,Miercurea Ciuc,AJOFM Harghita,"Bd. Frăţiei nr. 2, Miercurea Ciuc",0266 313 423,Secretariat: 0266 313 423,,ajofm.hr@anofm.gov.ro,ajofm.hr@anofm.gov.ro,da,5,Agenția Locală Miercurea Ciuc; Punct de lucru Gheorgheni; Punct de lucru Toplița; Agenția Locală Odorheiu Secuiesc; Punct de lucru Cristuru Secuiesc,/ajofm/miercurea-ciuc/,https://www.anofm.ro/harghita/contact/,2026-10-01
Hunedoara,HD,Deva,AJOFM Hunedoara,"Piaţa Unirii nr. 2, Deva",0254 216 150,Secretariat: 0254 216 150; Linie secundară: 0254 216 151,0254 216 088,ajofm.hd@anofm.gov.ro,ajofm.hd@anofm.gov.ro,da,13,Agenția Locală Deva; Punct de lucru Brad; Punct de lucru Ilia; Punct de lucru Simeria; Punct de lucru Orăștie; Punct de lucru Călan; Punct de lucru Hațeg; Agenția Locală Hunedoara; Agenția Locală Petroșani; Punct de lucru Lupeni; Punct de lucru Vulcan; Centrul de Formare Profesională Deva; Centrul de Formare Profesională Petroșani,/ajofm/deva/,https://www.anofm.ro/hunedoara/contact/,2026-10-01
Ialomița,IL,Slobozia,AJOFM Ialomița,"Str. Lacului nr. 10, Slobozia",0243 231 809,Secretariat: 0243 231 809,0243 231 785,ajofm.il@anofm.gov.ro,ajofm.il@anofm.gov.ro,da,4,Agenția Locală Slobozia; Punct de lucru Fetești; Punct de lucru Țăndărei; Punct de lucru Urziceni,/ajofm/slobozia/,https://www.anofm.ro/ialomita/contact/,2026-10-01
Iași,IS,Iași,AJOFM Iași,"Str. Cucu nr. 1, cod 700082, Iași",0232 254 577,Secretariat: 0232 254 577; Linie secundară: 0232 254 578,,ajofm.is@anofm.gov.ro,ajofm.is@anofm.gov.ro,da,5,Agenția Locală Iași; Agenția Locală Pașcani; Punct de lucru Târgu Frumos; Punct de lucru Hârlău; Centrul de Formare Profesională Iași,/ajofm/iasi/,https://www.anofm.ro/iasi/contact/,2026-10-01
Ilfov,IF,București (sediu Ilfov),AJOFM Ilfov,"Str. Ruginoasa nr. 4, sector 4, București",021 330 20 13,Secretariat: 021 330 20 13; Linie secundară: 021 330 20 14,,ajofm.if@anofm.gov.ro,ajofm.if@anofm.gov.ro,da,6,Punct de lucru Buftea; Punct de lucru Clinceni; Punct de lucru Jilava; Punct de lucru Pantelimon; Punct de lucru Săftica; Punct de lucru Afumați,/ajofm/ilfov/,https://www.anofm.ro/ilfov/contact/,2026-10-01
Maramureș,MM,Baia Mare,AJOFM Maramureș,"Str. Hortensiei nr. 1A, Baia Mare",0262 227 820,Secretariat: 0262 227 820; Linie secundară: 0262 227 821; Linie secundară: 0262 227 809; Linie secundară: 0262 227 829,,ajofm.mm@anofm.gov.ro,ajofm.mm@anofm.gov.ro; maramures@anofm.gov.ro,da,5,Punct de lucru Sighetu Marmației; Punct de lucru Vișeu de Sus; Punct de lucru Borșa; Punct de lucru Târgu Lăpuș; Centrul de Formare Profesională a Adulților,/ajofm/baia-mare/,https://www.anofm.ro/maramures/contact/,2026-10-01
Mehedinți,MH,Drobeta-Turnu Severin,AJOFM Mehedinți,"Bd. Carol I nr. 3, Drobeta-Turnu Severin",0252 319 029,Secretariat: 0252 319 029,0252 319 061,ajofm.mh@anofm.gov.ro,ajofm.mh@anofm.gov.ro; mehedinti@anofm.gov.ro,da,5,Punct de lucru Orșova; Punct de lucru Strehaia; Punct de lucru Vânju Mare; Punct de lucru Baia de Aramă; Punct de lucru Cujmir,/ajofm/drobeta-turnu-severin/,https://www.anofm.ro/mehedinti/contact/,2026-10-01
Mureș,MS,Târgu Mureș,AJOFM Mureș,"Str. Iuliu Maniu nr. 2, etaj II, Târgu Mureș",0265 269 247,Secretariat: 0265 269 247,0265 268 035,ajofm.ms@anofm.gov.ro,ajofm.ms@anofm.gov.ro,da,6,Agenția Locală Târgu Mureș; Punct de lucru Luduș; Punct de lucru Reghin; Punct de lucru Sighișoara; Punct de lucru Târnăveni; Punct de lucru Sovata,/ajofm/targu-mures/,https://www.anofm.ro/mures/contact/,2026-10-01
Neamț,NT,Piatra Neamț,AJOFM Neamț,"Str. Privighetorii nr. 21, Piatra Neamț",0233 237 780,Secretariat: 0233 237 780,,neamt@anofm.gov.ro,neamt@anofm.gov.ro; ajofm.nt@anofm.gov.ro,da,6,Agenția Locală Piatra Neamț; Agenția Locală Roman; Agenția Locală Târgu Neamț; Punct de lucru Bicaz; Punct de lucru Poiana Teiului; Centrul de Formare Profesională Piatra Neamț,/ajofm/piatra-neamt/,https://www.anofm.ro/neamt/contact/,2026-10-01
Olt,OT,Slatina,AJOFM Olt,"Str. Crişan nr. 31 bis, Slatina",0249 438 595,Secretariat: 0249 438 595; Linie secundară: 0249 438 531,0249 432 276,ajofm.ot@anofm.gov.ro,ajofm.ot@anofm.gov.ro,da,5,Agenția Locală Slatina; Agenția Locală Caracal; Punct de lucru Balș; Punct de lucru Corabia; Punct de lucru Drăgănești-Olt,/ajofm/slatina/,https://www.anofm.ro/olt/contact/,2026-10-01
Prahova,PH,Ploiești,AJOFM Prahova,"Str. Nicolae Iorga nr. 1, etaj 1, Ploiești",0244 577 380,Secretariat: 0244 577 380,0244 577 380,ajofm.ph@anofm.gov.ro,ajofm.ph@anofm.gov.ro; prahova@anofm.gov.ro,da,6,Agenția Locală Ploiești; Punct de lucru Vălenii de Munte; Punct de lucru Mizil; Punct de lucru Urlați; Agenția Locală Câmpina; Punct de lucru Sinaia,/ajofm/ploiesti/,https://www.anofm.ro/prahova/contact/,2026-10-01
Sălaj,SJ,Zalău,AJOFM Sălaj,"Str. Tudor Vladimirescu nr. 8, bl. P40, parter, Zalău",0260 612 463,Secretariat: 0260 612 463; Linie secundară: 0260 616 317,0372 871 075,ajofm.sj@anofm.gov.ro,ajofm.sj@anofm.gov.ro,nu,4,Agenția Locală Zalău; Agenția Locală Jibou; Punct de lucru Șimleu Silvaniei; Punct de lucru Cehu Silvaniei,/ajofm/zalau/,https://www.anofm.ro/salaj/contact/,2026-10-01
Satu Mare,SM,Satu Mare,AJOFM Satu Mare,"Str. Ion Ghica nr. 36, cod 440091, Satu Mare",0261 770 237,Secretariat: 0261 770 237,0261 770 238,ajofm.sm@anofm.gov.ro,ajofm.sm@anofm.gov.ro,da,6,Agenția Locală Satu Mare; Punct de lucru Carei; Punct de lucru Tășnad; Punct de lucru Negrești-Oaș; Punct de lucru Turț; Punct de lucru Ardud,/ajofm/satu-mare/,https://www.anofm.ro/satu-mare/contact/,2026-10-01
Sibiu,SB,Sibiu,AJOFM Sibiu,"Str. Morilor nr. 51A, Sibiu",0269 210 882,Secretariat: 0269 210 882,0269 230 089,ajofm.sb@anofm.gov.ro,ajofm.sb@anofm.gov.ro,da,4,Agenția Locală Sibiu; Agenția Locală Mediaș; Punct de lucru Avrig; Punct de lucru Agnita,/ajofm/sibiu/,https://www.anofm.ro/sibiu/contact/,2026-10-01
Suceava,SV,Suceava,AJOFM Suceava,"Str. Tudor Vladimirescu f.n., Suceava",0230 523 279,Secretariat: 0230 523 279; Linie secundară: 0230 523 282; Linie secundară: 0786 232 447; Linie secundară: 0786 232 448,,suceava@anofm.gov.ro,suceava@anofm.gov.ro; ajofm.sv@anofm.gov.ro,da,6,Agenția Locală Suceava; Punct de lucru Rădăuți; Punct de lucru Câmpulung Moldovenesc; Punct de lucru Fălticeni; Punct de lucru Vatra Dornei; Punct de lucru Gura Humorului,/ajofm/suceava/,https://www.anofm.ro/suceava/contact/,2026-10-01
Teleorman,TR,Alexandria,AJOFM Teleorman,"Str. Dunării nr. 1, Alexandria",0247 310 155,Secretariat: 0247 310 155; Linie secundară: 0247 312 944; Linie secundară: 0247 315 915,0247 311 164,ajofm.tr@anofm.gov.ro,ajofm.tr@anofm.gov.ro,da,5,Agenția Locală Alexandria; Agenția Locală Roșiori de Vede; Agenția Locală Turnu Măgurele; Punct de lucru Zimnicea; Punct de lucru Videle,/ajofm/alexandria/,https://www.anofm.ro/teleorman/contact/,2026-10-01
Timiș,TM,Timișoara,AJOFM Timiș,"Bd. Republicii nr. 21, Timișoara",0256 294 627,Secretariat: 0256 294 627; Linie secundară: 0256 294 628,0256 294 234,ajofm.tm@anofm.gov.ro,ajofm.tm@anofm.gov.ro,da,7,Agenția Locală Timișoara; Punct de lucru Lugoj; Punct de lucru Sânnicolau Mare; Punct de lucru Făget; Punct de lucru Buziaș; Punct de lucru Deta; Punct de lucru Jimbolia,/ajofm/timisoara/,https://www.anofm.ro/timis/contact/,2026-10-01
Tulcea,TL,Tulcea,AJOFM Tulcea,"Str. Grigore Antipa nr. 10, cod 820009, Tulcea",0240 516 858,Secretariat: 0240 516 858,0240 512 171,tulcea@anofm.gov.ro,tulcea@anofm.gov.ro,da,3,Agenția Locală Tulcea; Punct de lucru Măcin; Punct de lucru Babadag,/ajofm/tulcea/,https://www.anofm.ro/tulcea/contact/,2026-10-01
Vâlcea,VL,Râmnicu Vâlcea,AJOFM Vâlcea,"Str. Dacia nr. 8, bl. Transcozia, sc. B, etaj II–III, Râmnicu Vâlcea",0250 735 608,Secretariat: 0250 735 608; Linie secundară: 0350 414 835,0250 732 757,ajofm.vl@anofm.gov.ro,ajofm.vl@anofm.gov.ro,da,6,Agenția Locală Râmnicu Vâlcea; Agenția Locală Drăgășani; Agenția Locală Horezu; Punct de lucru Călimănești; Punct de lucru Berbești; Punct de lucru Lăpușata,/ajofm/ramnicu-valcea/,https://www.anofm.ro/valcea/contact/,2026-10-01
Vaslui,VS,Vaslui,AJOFM Vaslui,"Str. Spiru Haret nr. 5, Vaslui",0235 369 938,Secretariat: 0235 369 938; Linie secundară: 0235 318 184,,ajofm.vs@anofm.gov.ro,ajofm.vs@anofm.gov.ro,da,4,Agenția Locală Vaslui; Agenția Locală Huși; Agenția Locală Bârlad; Punct de lucru Negrești,/ajofm/vaslui/,https://www.anofm.ro/vaslui/contact/,2026-10-01
Vrancea,VN,Focșani,AJOFM Vrancea,"Bd. Unirii nr. 53A, Focșani",0237 224 677,Secretariat: 0237 224 677; Linie secundară: 0237 224 678,,ajofm.vn@anofm.gov.ro,ajofm.vn@anofm.gov.ro; vrancea@anofm.gov.ro,da,6,Agenția Locală Focșani; Punct de lucru Adjud; Punct de lucru Mărășești; Punct de lucru Panciu; Punct de lucru Vidra; Punct de lucru Măicănești,/ajofm/focsani/,https://www.anofm.ro/vrancea/contact/,2026-10-01
