judet,cod_judet,operator_distributie,zona,telefon_deranjamente_gratuit,telefon_deranjamente_alternativ,pagina_punctcontact,sursa_oficiala,verificat
Alba,AB,Distribuție Energie Electrică România,Transilvania Sud,0800 500 929,0258 929,https://punctcontact.ro/distributie-energie-romania/,https://www.distributie-energie.ro/telefonul-clientului/,2026-09-08
Arad,AR,Rețele Electrice,Banat,0800 070 444,0257 929,https://punctcontact.ro/retele-electrice/,https://www.reteleelectrice.ro/contact/,2026-09-08
Argeș,AG,Distribuție Oltenia,,0800 500 000,0251 408 006,https://punctcontact.ro/distributie-oltenia/,https://www.distributieoltenia.ro/ro/suport/contact/date-de-contact-ale-operatorului-de-distributie.html,2026-09-08
Bacău,BC,Delgaz Grid,Moldova,0800 800 929,0232 200 430,https://punctcontact.ro/delgaz-grid/,https://delgaz.ro/despre-noi/contact,2026-09-08
Bihor,BH,Distribuție Energie Electrică România,Transilvania Nord,0800 400 929,0259 929,https://punctcontact.ro/distributie-energie-romania/,https://www.distributie-energie.ro/telefonul-clientului/,2026-09-08
Bistrița-Năsăud,BN,Distribuție Energie Electrică România,Transilvania Nord,0800 400 929,0263 929,https://punctcontact.ro/distributie-energie-romania/,https://www.distributie-energie.ro/telefonul-clientului/,2026-09-08
Botoșani,BT,Delgaz Grid,Moldova,0800 800 929,0232 200 430,https://punctcontact.ro/delgaz-grid/,https://delgaz.ro/despre-noi/contact,2026-09-08
Brăila,BR,Distribuție Energie Electrică România,Muntenia Nord,0800 500 205,0239 929,https://punctcontact.ro/distributie-energie-romania/,https://www.distributie-energie.ro/telefonul-clientului/,2026-09-08
Brașov,BV,Distribuție Energie Electrică România,Transilvania Sud,0800 500 929,0268 929,https://punctcontact.ro/distributie-energie-romania/,https://www.distributie-energie.ro/telefonul-clientului/,2026-09-08
București,B,Rețele Electrice,Muntenia,0800 070 888,021 9291,https://punctcontact.ro/retele-electrice/,https://www.reteleelectrice.ro/contact/,2026-09-08
Buzău,BZ,Distribuție Energie Electrică România,Muntenia Nord,0800 500 205,0238 929,https://punctcontact.ro/distributie-energie-romania/,https://www.distributie-energie.ro/telefonul-clientului/,2026-09-08
Călărași,CL,Rețele Electrice,Dobrogea,0800 070 555,0242 929,https://punctcontact.ro/retele-electrice/,https://www.reteleelectrice.ro/contact/,2026-09-08
Caraș-Severin,CS,Rețele Electrice,Banat,0800 070 444,0255 929,https://punctcontact.ro/retele-electrice/,https://www.reteleelectrice.ro/contact/,2026-09-08
Cluj,CJ,Distribuție Energie Electrică România,Transilvania Nord,0800 400 929,0264 929,https://punctcontact.ro/distributie-energie-romania/,https://www.distributie-energie.ro/telefonul-clientului/,2026-09-08
Constanța,CT,Rețele Electrice,Dobrogea,0800 070 555,0241 929,https://punctcontact.ro/retele-electrice/,https://www.reteleelectrice.ro/contact/,2026-09-08
Covasna,CV,Distribuție Energie Electrică România,Transilvania Sud,0800 500 929,0267 929,https://punctcontact.ro/distributie-energie-romania/,https://www.distributie-energie.ro/telefonul-clientului/,2026-09-08
Dâmbovița,DB,Distribuție Energie Electrică România,Muntenia Nord,0800 500 205,0245 929,https://punctcontact.ro/distributie-energie-romania/,https://www.distributie-energie.ro/telefonul-clientului/,2026-09-08
Dolj,DJ,Distribuție Oltenia,,0800 500 000,0251 408 006,https://punctcontact.ro/distributie-oltenia/,https://www.distributieoltenia.ro/ro/suport/contact/date-de-contact-ale-operatorului-de-distributie.html,2026-09-08
Galați,GL,Distribuție Energie Electrică România,Muntenia Nord,0800 500 205,0236 929,https://punctcontact.ro/distributie-energie-romania/,https://www.distributie-energie.ro/telefonul-clientului/,2026-09-08
Giurgiu,GR,Rețele Electrice,Muntenia,0800 070 888,021 9291,https://punctcontact.ro/retele-electrice/,https://www.reteleelectrice.ro/contact/,2026-09-08
Gorj,GJ,Distribuție Oltenia,,0800 500 000,0251 408 006,https://punctcontact.ro/distributie-oltenia/,https://www.distributieoltenia.ro/ro/suport/contact/date-de-contact-ale-operatorului-de-distributie.html,2026-09-08
Harghita,HR,Distribuție Energie Electrică România,Transilvania Sud,0800 500 929,0266 929,https://punctcontact.ro/distributie-energie-romania/,https://www.distributie-energie.ro/telefonul-clientului/,2026-09-08
Hunedoara,HD,Rețele Electrice,Banat,0800 070 444,0254 929,https://punctcontact.ro/retele-electrice/,https://www.reteleelectrice.ro/contact/,2026-09-08
Ialomița,IL,Rețele Electrice,Dobrogea,0800 070 555,0243 929,https://punctcontact.ro/retele-electrice/,https://www.reteleelectrice.ro/contact/,2026-09-08
Iași,IS,Delgaz Grid,Moldova,0800 800 929,0232 200 430,https://punctcontact.ro/delgaz-grid/,https://delgaz.ro/despre-noi/contact,2026-09-08
Ilfov,IF,Rețele Electrice,Muntenia,0800 070 888,021 9291,https://punctcontact.ro/retele-electrice/,https://www.reteleelectrice.ro/contact/,2026-09-08
Maramureș,MM,Distribuție Energie Electrică România,Transilvania Nord,0800 400 929,0262 929,https://punctcontact.ro/distributie-energie-romania/,https://www.distributie-energie.ro/telefonul-clientului/,2026-09-08
Mehedinți,MH,Distribuție Oltenia,,0800 500 000,0251 408 006,https://punctcontact.ro/distributie-oltenia/,https://www.distributieoltenia.ro/ro/suport/contact/date-de-contact-ale-operatorului-de-distributie.html,2026-09-08
Mureș,MS,Distribuție Energie Electrică România,Transilvania Sud,0800 500 929,0265 929,https://punctcontact.ro/distributie-energie-romania/,https://www.distributie-energie.ro/telefonul-clientului/,2026-09-08
Neamț,NT,Delgaz Grid,Moldova,0800 800 929,0232 200 430,https://punctcontact.ro/delgaz-grid/,https://delgaz.ro/despre-noi/contact,2026-09-08
Olt,OT,Distribuție Oltenia,,0800 500 000,0251 408 006,https://punctcontact.ro/distributie-oltenia/,https://www.distributieoltenia.ro/ro/suport/contact/date-de-contact-ale-operatorului-de-distributie.html,2026-09-08
Prahova,PH,Distribuție Energie Electrică România,Muntenia Nord,0800 500 205,0244 929,https://punctcontact.ro/distributie-energie-romania/,https://www.distributie-energie.ro/telefonul-clientului/,2026-09-08
Sălaj,SJ,Distribuție Energie Electrică România,Transilvania Nord,0800 400 929,0260 929,https://punctcontact.ro/distributie-energie-romania/,https://www.distributie-energie.ro/telefonul-clientului/,2026-09-08
Satu Mare,SM,Distribuție Energie Electrică România,Transilvania Nord,0800 400 929,0261 929,https://punctcontact.ro/distributie-energie-romania/,https://www.distributie-energie.ro/telefonul-clientului/,2026-09-08
Sibiu,SB,Distribuție Energie Electrică România,Transilvania Sud,0800 500 929,0269 929,https://punctcontact.ro/distributie-energie-romania/,https://www.distributie-energie.ro/telefonul-clientului/,2026-09-08
Suceava,SV,Delgaz Grid,Moldova,0800 800 929,0232 200 430,https://punctcontact.ro/delgaz-grid/,https://delgaz.ro/despre-noi/contact,2026-09-08
Teleorman,TR,Distribuție Oltenia,,0800 500 000,0251 408 006,https://punctcontact.ro/distributie-oltenia/,https://www.distributieoltenia.ro/ro/suport/contact/date-de-contact-ale-operatorului-de-distributie.html,2026-09-08
Timiș,TM,Rețele Electrice,Banat,0800 070 444,0256 929,https://punctcontact.ro/retele-electrice/,https://www.reteleelectrice.ro/contact/,2026-09-08
Tulcea,TL,Rețele Electrice,Dobrogea,0800 070 555,0240 929,https://punctcontact.ro/retele-electrice/,https://www.reteleelectrice.ro/contact/,2026-09-08
Vâlcea,VL,Distribuție Oltenia,,0800 500 000,0251 408 006,https://punctcontact.ro/distributie-oltenia/,https://www.distributieoltenia.ro/ro/suport/contact/date-de-contact-ale-operatorului-de-distributie.html,2026-09-08
Vaslui,VS,Delgaz Grid,Moldova,0800 800 929,0232 200 430,https://punctcontact.ro/delgaz-grid/,https://delgaz.ro/despre-noi/contact,2026-09-08
Vrancea,VN,Distribuție Energie Electrică România,Muntenia Nord,0800 500 205,0237 929,https://punctcontact.ro/distributie-energie-romania/,https://www.distributie-energie.ro/telefonul-clientului/,2026-09-08
